,precision,recall,f1-score,support
Left Fist,0.8571428571428571,0.8571428571428571,0.8571428571428571,7.0
Right Fist,0.8,0.5714285714285714,0.6666666666666666,7.0
Both Fists,0.75,0.8571428571428571,0.8,7.0
Both Feet,0.875,1.0,0.9333333333333333,7.0
accuracy,0.8214285714285714,0.8214285714285714,0.8214285714285714,0.8214285714285714
macro avg,0.8205357142857143,0.8214285714285714,0.8142857142857143,28.0
weighted avg,0.8205357142857144,0.8214285714285714,0.8142857142857142,28.0
