,precision,recall,f1-score,support
Left Fist,0.875,1.0,0.9333333333333333,7.0
Right Fist,1.0,0.7142857142857143,0.8333333333333334,7.0
Both Fists,0.875,1.0,0.9333333333333333,7.0
Both Feet,0.8571428571428571,0.8571428571428571,0.8571428571428571,7.0
accuracy,0.8928571428571429,0.8928571428571429,0.8928571428571429,0.8928571428571429
macro avg,0.9017857142857143,0.8928571428571429,0.8892857142857143,28.0
weighted avg,0.9017857142857143,0.8928571428571429,0.8892857142857142,28.0
