,precision,recall,f1-score,support
Left Hand,0.9436619718309859,0.9305555555555556,0.9370629370629371,72.0
Right Hand,0.9230769230769231,1.0,0.96,72.0
Feet,0.9696969696969697,0.8888888888888888,0.927536231884058,72.0
Tongue,0.9315068493150684,0.9444444444444444,0.9379310344827586,72.0
accuracy,0.9409722222222222,0.9409722222222222,0.9409722222222222,0.9409722222222222
macro avg,0.9419856784799867,0.9409722222222223,0.9406325508574385,288.0
weighted avg,0.9419856784799868,0.9409722222222222,0.9406325508574385,288.0
