,precision,recall,f1-score,support
Left Hand,0.7329192546583851,0.8194444444444444,0.7737704918032787,144.0
Right Hand,0.7315436241610739,0.7569444444444444,0.7440273037542662,144.0
Feet,0.7697368421052632,0.8125,0.7905405405405406,144.0
Tongue,0.8596491228070176,0.6805555555555556,0.7596899224806202,144.0
accuracy,0.7673611111111112,0.7673611111111112,0.7673611111111112,0.7673611111111112
macro avg,0.773462210932935,0.7673611111111112,0.7670070646446764,576.0
weighted avg,0.7734622109329349,0.7673611111111112,0.7670070646446765,576.0
