,precision,recall,f1-score,support
Left Hand,0.7583892617449665,0.7847222222222222,0.7713310580204779,144.0
Right Hand,0.6971428571428572,0.8472222222222222,0.7648902821316614,144.0
Feet,0.8059701492537313,0.75,0.7769784172661871,144.0
Tongue,0.7796610169491526,0.6388888888888888,0.7022900763358778,144.0
accuracy,0.7552083333333334,0.7552083333333334,0.7552083333333334,0.7552083333333334
macro avg,0.7602908212726769,0.7552083333333334,0.753872458438551,576.0
weighted avg,0.7602908212726769,0.7552083333333334,0.753872458438551,576.0
