,precision,recall,f1-score,support
Left Fist,0.7,1.0,0.8235294117647058,7.0
Right Fist,1.0,0.8571428571428571,0.9230769230769231,7.0
Both Fists,0.7142857142857143,0.7142857142857143,0.7142857142857143,7.0
Both Feet,1.0,0.7142857142857143,0.8333333333333334,7.0
accuracy,0.8214285714285714,0.8214285714285714,0.8214285714285714,0.8214285714285714
macro avg,0.8535714285714285,0.8214285714285715,0.8235563456151692,28.0
weighted avg,0.8535714285714285,0.8214285714285714,0.8235563456151692,28.0
