,precision,recall,f1-score,support
Left Hand,0.6645569620253164,0.7291666666666666,0.695364238410596,144.0
Right Hand,0.8870967741935484,0.7638888888888888,0.8208955223880597,144.0
Feet,0.6470588235294118,0.6875,0.6666666666666666,144.0
Tongue,0.723404255319149,0.7083333333333334,0.7157894736842105,144.0
accuracy,0.7222222222222222,0.7222222222222222,0.7222222222222222,0.7222222222222222
macro avg,0.7305292037668564,0.7222222222222222,0.7246789752873832,576.0
weighted avg,0.7305292037668564,0.7222222222222222,0.7246789752873832,576.0
