,precision,recall,f1-score,support
Left Fist,0.7142857142857143,0.7142857142857143,0.7142857142857143,7.0
Right Fist,1.0,0.8571428571428571,0.9230769230769231,7.0
Both Fists,0.7142857142857143,0.7142857142857143,0.7142857142857143,7.0
Both Feet,0.875,1.0,0.9333333333333333,7.0
accuracy,0.8214285714285714,0.8214285714285714,0.8214285714285714,0.8214285714285714
macro avg,0.8258928571428572,0.8214285714285714,0.8212454212454212,28.0
weighted avg,0.8258928571428571,0.8214285714285714,0.8212454212454211,28.0
