,precision,recall,f1-score,support
Left Fist,1.0,0.5714285714285714,0.7272727272727273,7.0
Right Fist,0.875,1.0,0.9333333333333333,7.0
Both Fists,0.8571428571428571,0.8571428571428571,0.8571428571428571,7.0
Both Feet,0.6666666666666666,0.8571428571428571,0.75,7.0
accuracy,0.8214285714285714,0.8214285714285714,0.8214285714285714,0.8214285714285714
macro avg,0.8497023809523809,0.8214285714285714,0.8169372294372295,28.0
weighted avg,0.8497023809523808,0.8214285714285714,0.8169372294372295,28.0
