,precision,recall,f1-score,support
Left Fist,0.875,1.0,0.9333333333333333,7.0
Right Fist,0.875,1.0,0.9333333333333333,7.0
Both Fists,0.625,0.7142857142857143,0.6666666666666666,7.0
Both Feet,1.0,0.5714285714285714,0.7272727272727273,7.0
accuracy,0.8214285714285714,0.8214285714285714,0.8214285714285714,0.8214285714285714
macro avg,0.84375,0.8214285714285714,0.8151515151515152,28.0
weighted avg,0.84375,0.8214285714285714,0.8151515151515152,28.0
