,precision,recall,f1-score,support
Left Fist,0.6666666666666666,0.8571428571428571,0.75,7.0
Right Fist,0.8,0.5714285714285714,0.6666666666666666,7.0
accuracy,0.7142857142857143,0.7142857142857143,0.7142857142857143,0.7142857142857143
macro avg,0.7333333333333334,0.7142857142857142,0.7083333333333333,14.0
weighted avg,0.7333333333333333,0.7142857142857143,0.7083333333333333,14.0
