,precision,recall,f1-score,support
Left Fist,0.8571428571428571,0.8571428571428571,0.8571428571428571,7.0
Right Fist,0.8571428571428571,0.8571428571428571,0.8571428571428571,7.0
accuracy,0.8571428571428571,0.8571428571428571,0.8571428571428571,0.8571428571428571
macro avg,0.8571428571428571,0.8571428571428571,0.8571428571428571,14.0
weighted avg,0.8571428571428571,0.8571428571428571,0.8571428571428571,14.0
