,precision,recall,f1-score,support
Left Fist,0.7,0.875,0.7777777777777778,8.0
Right Fist,0.6666666666666666,0.5714285714285714,0.6153846153846154,7.0
Both Fists,0.5454545454545454,0.75,0.631578947368421,8.0
Both Feet,0.6666666666666666,0.2857142857142857,0.4,7.0
accuracy,0.6333333333333333,0.6333333333333333,0.6333333333333333,0.6333333333333333
macro avg,0.6446969696969697,0.6205357142857142,0.6061853351327035,30.0
weighted avg,0.6432323232323233,0.6333333333333333,0.6127515369620633,30.0
