,precision,recall,f1-score,support
Left Hand,0.7444444444444445,0.4652777777777778,0.5726495726495726,144.0
Right Hand,0.671875,0.2986111111111111,0.41346153846153844,144.0
Feet,0.5618556701030928,0.7569444444444444,0.6449704142011834,144.0
Tongue,0.49122807017543857,0.7777777777777778,0.6021505376344086,144.0
accuracy,0.5746527777777778,0.5746527777777778,0.5746527777777778,0.5746527777777778
macro avg,0.617350796180744,0.5746527777777778,0.5583080157366758,576.0
weighted avg,0.617350796180744,0.5746527777777778,0.5583080157366758,576.0
