,precision,recall,f1-score,support
Left Fist,1.0,0.8571428571428571,0.9230769230769231,7.0
Right Fist,1.0,0.5714285714285714,0.7272727272727273,7.0
Both Fists,0.75,0.8571428571428571,0.8,7.0
Both Feet,0.7,1.0,0.8235294117647058,7.0
accuracy,0.8214285714285714,0.8214285714285714,0.8214285714285714,0.8214285714285714
macro avg,0.8625,0.8214285714285714,0.8184697655285891,28.0
weighted avg,0.8624999999999999,0.8214285714285714,0.8184697655285892,28.0
