,precision,recall,f1-score,support
Left Hand,0.8493150684931506,0.8611111111111112,0.8551724137931035,72.0
Right Hand,0.8625,0.9583333333333334,0.9078947368421054,72.0
Feet,0.8870967741935484,0.7638888888888888,0.8208955223880596,72.0
Tongue,0.8356164383561644,0.8472222222222222,0.8413793103448277,72.0
accuracy,0.8576388888888888,0.8576388888888888,0.8576388888888888,0.8576388888888888
macro avg,0.858632070260716,0.857638888888889,0.8563354958420242,288.0
weighted avg,0.8586320702607159,0.8576388888888888,0.8563354958420241,288.0
