,precision,recall,f1-score,support
Left Hand,0.8513513513513513,0.875,0.863013698630137,72.0
Right Hand,0.8717948717948718,0.9444444444444444,0.9066666666666667,72.0
Feet,0.921875,0.8194444444444444,0.8676470588235294,72.0
Tongue,0.875,0.875,0.875,72.0
accuracy,0.8784722222222222,0.8784722222222222,0.8784722222222222,0.8784722222222222
macro avg,0.8800053057865558,0.8784722222222222,0.8780818560300833,288.0
weighted avg,0.8800053057865558,0.8784722222222222,0.8780818560300833,288.0
