,precision,recall,f1-score,support
Left Fist,1.0,0.875,0.9333333333333333,8.0
Right Fist,1.0,0.8571428571428571,0.9230769230769231,7.0
Both Fists,0.75,0.8571428571428571,0.8,7.0
Both Feet,0.7777777777777778,0.875,0.8235294117647058,8.0
accuracy,0.8666666666666667,0.8666666666666667,0.8666666666666667,0.8666666666666667
macro avg,0.8819444444444444,0.8660714285714286,0.8699849170437406,30.0
weighted avg,0.8824074074074074,0.8666666666666667,0.8705480140774259,30.0
