,precision,recall,f1-score,support
Left Fist,0.6363636363636364,1.0,0.7777777777777778,7.0
Right Fist,1.0,0.8571428571428571,0.9230769230769231,7.0
Both Fists,0.8333333333333334,0.7142857142857143,0.7692307692307693,7.0
Both Feet,1.0,0.7142857142857143,0.8333333333333334,7.0
accuracy,0.8214285714285714,0.8214285714285714,0.8214285714285714,0.8214285714285714
macro avg,0.8674242424242424,0.8214285714285715,0.8258547008547009,28.0
weighted avg,0.8674242424242424,0.8214285714285714,0.8258547008547009,28.0
