,precision,recall,f1-score,support
Left Hand,0.6796875,0.6041666666666666,0.6397058823529411,144.0
Right Hand,0.48598130841121495,0.7222222222222222,0.5810055865921788,144.0
Feet,0.5723270440251572,0.6319444444444444,0.6006600660066007,144.0
Tongue,0.8,0.4166666666666667,0.547945205479452,144.0
accuracy,0.59375,0.59375,0.59375,0.59375
macro avg,0.6344989631090932,0.59375,0.5923291851077932,576.0
weighted avg,0.6344989631090932,0.59375,0.5923291851077932,576.0
