,precision,recall,f1-score,support
Left Hand,0.96875,0.8611111111111112,0.911764705882353,72.0
Right Hand,0.9130434782608695,0.875,0.8936170212765957,72.0
Feet,0.8695652173913043,0.8333333333333334,0.851063829787234,72.0
Tongue,0.8255813953488372,0.9861111111111112,0.8987341772151899,72.0
accuracy,0.8888888888888888,0.8888888888888888,0.8888888888888888,0.8888888888888888
macro avg,0.8942350227502528,0.888888888888889,0.8887949335403431,288.0
weighted avg,0.8942350227502528,0.8888888888888888,0.8887949335403432,288.0
