,precision,recall,f1-score,support
Left Hand,0.8441558441558441,0.9027777777777778,0.87248322147651,72.0
Right Hand,0.8857142857142857,0.8611111111111112,0.8732394366197184,72.0
Feet,0.7976190476190477,0.9305555555555556,0.858974358974359,72.0
Tongue,0.9298245614035088,0.7361111111111112,0.8217054263565892,72.0
accuracy,0.8576388888888888,0.8576388888888888,0.8576388888888888,0.8576388888888888
macro avg,0.8643284347231714,0.857638888888889,0.8566006108567942,288.0
weighted avg,0.8643284347231716,0.8576388888888888,0.8566006108567941,288.0
