,precision,recall,f1-score,support
Left Hand,0.775,0.8611111111111112,0.8157894736842106,72.0
Right Hand,0.7,0.7777777777777778,0.7368421052631577,72.0
Feet,0.8888888888888888,0.6666666666666666,0.761904761904762,72.0
Tongue,0.7837837837837838,0.8055555555555556,0.7945205479452055,72.0
accuracy,0.7777777777777778,0.7777777777777778,0.7777777777777778,0.7777777777777778
macro avg,0.7869181681681682,0.7777777777777777,0.777264222199334,288.0
weighted avg,0.7869181681681682,0.7777777777777778,0.7772642221993339,288.0
