,precision,recall,f1-score,support
Left Fist,0.625,0.7142857142857143,0.6666666666666666,7.0
Right Fist,0.75,0.75,0.75,8.0
Both Fists,0.6666666666666666,0.5714285714285714,0.6153846153846154,7.0
Both Feet,0.5,0.5,0.5,8.0
accuracy,0.6333333333333333,0.6333333333333333,0.6333333333333333,0.6333333333333333
macro avg,0.6354166666666666,0.6339285714285714,0.6330128205128205,30.0
weighted avg,0.6347222222222222,0.6333333333333333,0.6324786324786325,30.0
