,precision,recall,f1-score,support
Left Hand,0.5531914893617021,0.5416666666666666,0.5473684210526316,144.0
Right Hand,0.5384615384615384,0.6805555555555556,0.6012269938650306,144.0
Feet,0.5625,0.5625,0.5625,144.0
Tongue,0.6422018348623854,0.4861111111111111,0.5533596837944664,144.0
accuracy,0.5677083333333334,0.5677083333333334,0.5677083333333334,0.5677083333333334
macro avg,0.5740887156714065,0.5677083333333334,0.5661137746780321,576.0
weighted avg,0.5740887156714065,0.5677083333333334,0.5661137746780321,576.0
