,precision,recall,f1-score,support
Left Fist,1.0,1.0,1.0,8.0
Right Fist,0.875,1.0,0.9333333333333333,7.0
Both Fists,0.7142857142857143,0.7142857142857143,0.7142857142857143,7.0
Both Feet,0.8571428571428571,0.75,0.8,8.0
accuracy,0.8666666666666667,0.8666666666666667,0.8666666666666667,0.8666666666666667
macro avg,0.8616071428571429,0.8660714285714286,0.861904761904762,30.0
weighted avg,0.8660714285714286,0.8666666666666667,0.8644444444444443,30.0
