,precision,recall,f1-score,support
Left Fist,0.8,0.5714285714285714,0.6666666666666666,7.0
Right Fist,0.8571428571428571,0.8571428571428571,0.8571428571428571,7.0
Both Fists,0.6,0.42857142857142855,0.5,7.0
Both Feet,0.5454545454545454,0.8571428571428571,0.6666666666666666,7.0
accuracy,0.6785714285714286,0.6785714285714286,0.6785714285714286,0.6785714285714286
macro avg,0.7006493506493506,0.6785714285714285,0.6726190476190476,28.0
weighted avg,0.7006493506493506,0.6785714285714286,0.6726190476190476,28.0
