,precision,recall,f1-score,support
Left Fist,0.6666666666666666,0.75,0.7058823529411765,8.0
Right Fist,0.8333333333333334,0.7142857142857143,0.7692307692307693,7.0
Both Fists,0.6666666666666666,0.5714285714285714,0.6153846153846154,7.0
Both Feet,0.875,1.0,0.9333333333333333,7.0
accuracy,0.7586206896551724,0.7586206896551724,0.7586206896551724,0.7586206896551724
macro avg,0.7604166666666666,0.7589285714285714,0.7559577677224736,29.0
weighted avg,0.7571839080459771,0.7586206896551724,0.7542310292817392,29.0
