,precision,recall,f1-score,support
Left Fist,0.8333333333333334,0.7142857142857143,0.7692307692307693,7.0
Right Fist,0.8571428571428571,0.75,0.8,8.0
Both Fists,0.5,0.2857142857142857,0.36363636363636365,7.0
Both Feet,0.46153846153846156,0.75,0.5714285714285714,8.0
accuracy,0.6333333333333333,0.6333333333333333,0.6333333333333333,0.6333333333333333
macro avg,0.6630036630036631,0.625,0.6260739260739261,30.0
weighted avg,0.6627594627594627,0.6333333333333333,0.63004995004995,30.0
