,precision,recall,f1-score,support
Left Fist,0.8,1.0,0.8888888888888888,8.0
Right Fist,1.0,0.7142857142857143,0.8333333333333334,7.0
accuracy,0.8666666666666667,0.8666666666666667,0.8666666666666667,0.8666666666666667
macro avg,0.9,0.8571428571428572,0.8611111111111112,15.0
weighted avg,0.8933333333333333,0.8666666666666667,0.8629629629629629,15.0
