,precision,recall,f1-score,support
Left Fist,0.5714285714285714,0.5714285714285714,0.5714285714285714,7.0
Right Fist,1.0,0.7142857142857143,0.8333333333333334,7.0
Both Fists,0.6666666666666666,0.8571428571428571,0.75,7.0
Both Feet,0.8571428571428571,0.8571428571428571,0.8571428571428571,7.0
accuracy,0.75,0.75,0.75,0.75
macro avg,0.7738095238095238,0.75,0.7529761904761905,28.0
weighted avg,0.7738095238095237,0.75,0.7529761904761906,28.0
