,precision,recall,f1-score,support
Left Fist,0.875,1.0,0.9333333333333333,7.0
Right Fist,1.0,0.42857142857142855,0.6,7.0
Both Fists,0.6666666666666666,0.8571428571428571,0.75,7.0
Both Feet,0.875,1.0,0.9333333333333333,7.0
accuracy,0.8214285714285714,0.8214285714285714,0.8214285714285714,0.8214285714285714
macro avg,0.8541666666666666,0.8214285714285714,0.8041666666666667,28.0
weighted avg,0.8541666666666666,0.8214285714285714,0.8041666666666666,28.0
