,precision,recall,f1-score,support
Left Fist,1.0,0.8571428571428571,0.9230769230769231,7.0
Right Fist,1.0,0.7142857142857143,0.8333333333333334,7.0
Both Fists,0.5714285714285714,0.5714285714285714,0.5714285714285714,7.0
Both Feet,0.6,0.8571428571428571,0.7058823529411765,7.0
accuracy,0.75,0.75,0.75,0.75
macro avg,0.7928571428571428,0.75,0.758430295195001,28.0
weighted avg,0.7928571428571428,0.75,0.7584302951950012,28.0
