,precision,recall,f1-score,support
Left Fist,0.875,0.875,0.875,8.0
Right Fist,0.8571428571428571,0.8571428571428571,0.8571428571428571,7.0
accuracy,0.8666666666666667,0.8666666666666667,0.8666666666666667,0.8666666666666667
macro avg,0.8660714285714286,0.8660714285714286,0.8660714285714286,15.0
weighted avg,0.8666666666666667,0.8666666666666667,0.8666666666666667,15.0
